Title,Company,Date Posted,job_link
manager internal audit,Canada Life,"Oct 30, 2024",https://londontechjobs.ca/job.aspx?jid=8bafaadf-886b-40b8-a817-b880e9a61e63
director internal audit,Canada Life,"Oct 30, 2024",https://londontechjobs.ca/job.aspx?jid=2f564224-34a2-4b97-b6c7-a0070f451d97
"developer, co-op",CARFAX Canada,"Oct 25, 2024",https://londontechjobs.ca/job.aspx?jid=0a497724-c291-48e4-86c6-69d8a10ec702
senior audit manager-internal audit quality control,TD Canada Trust,"Oct 24, 2024",https://londontechjobs.ca/job.aspx?jid=5627b184-5789-4b27-a384-c5753c4c1cb1
associate architect intern,Canada Life,"Oct 23, 2024",https://londontechjobs.ca/job.aspx?jid=58190095-a957-4cff-8735-b2e95c9c3298
it analyst l1 (co-op winter 2025),ManagePoint Technologies Inc,"Oct 21, 2024",https://londontechjobs.ca/job.aspx?jid=c84a48e6-7b97-4f00-9c7b-58b98dc96938
"supply chain intern, convergix automation",JMP Solutions,"Oct 15, 2024",https://londontechjobs.ca/job.aspx?jid=a5c26bdc-0ace-4f99-9872-ab2aeffc9bc9
communications specialist (internal),Western University,"Oct 13, 2024",https://londontechjobs.ca/job.aspx?jid=bb856a4e-3089-4b87-976f-0d4482c77693
it systems and support co-op,JMP Solutions,"Sep 24, 2024",https://londontechjobs.ca/job.aspx?jid=3cb65733-b930-4e14-8e42-110984af45fa
"mechanical design co-op, convergix automation",JMP Solutions,"Sep 23, 2024",https://londontechjobs.ca/job.aspx?jid=46e24dde-a01c-4fc5-880c-aeb65d588b35
digital marketing intern,Innovative Global Vision,"Sep 19, 2024",https://londontechjobs.ca/job.aspx?jid=5318db1b-a9b3-43f7-9902-c5c913e8e964
